"component_type","component_name","component_link","Manufacturer","Part_#_#"
"Custom","Redragon Mechanical Gaming Keyboard, RGB Backlit Programmable Wired Mechanical Keyboard with Red Switch, Hot-Swappable, Anti-Ghosting, Double-Shot PBT Keycaps, Light Up Keyboard for PC Mac","https://pcpartpicker.com/product/J3sV3C/placeholder","Redragon","B0CF3VGQFL"
"","EZDIY-FAB PSU Cable Extension Sleeved Custom Mod GPU PC Power Supply Soft Nylon Braided with Comb Kit 24PIN/8PIN to 6+2Pin/ 8PIN to 4+4PIN-30CM 300MM - Black","https://pcpartpicker.com/product/7cyqqs/placeholder-","EZDIY-FAB","B082WVQP5T"
"","OKN Wi-Fi 6 (Gig+) Desktop Kit AX200 WiFi Card 3000Mbps + Bluetooth 5.1, Includes 5dBi High Gain Antennas and Brackets","https://pcpartpicker.com/product/zkNgXL/placeholder-","UFON","OKN-AX200-D"
"","Clovertale Braided ATX Sleeved Cable Extension kit for Power Supply Cable Kit, PSU connectors, 24 Pin, 8 pin, 6 pin 4 + 4 Pin, 6 pack, with cable mounts and ties (White)","https://pcpartpicker.com/product/nFPKHx/clovertale-braided-atx-sleeved-cable-extension-kit-for-power-supply-cable-kit-psu-connectors-24-pin-8-pin-6-pin-4-4-pin-6-pack-with-cable-mounts-and-ties-white","CloverTale","B078WQWVJZ"
"","CableMod Classic ModFlex E-Series Cable Kit for EVGA G3 / G2 / P2 / T2 - Black/Blue","https://pcpartpicker.com/product/xWRzK8/cablemod-classic-modflex-e-series-cable-kit-for-evga-g3-g2-p2-t2-blackblue","CableMod","CM-EV2-CKIT-KKB-R"
"","M.2 2280 SSD heatsink, Double-Sided Heat Sink, Matching Thermal Silicone pad for PCIE NVME M.2 SSD or SATA M.2 SSD","https://pcpartpicker.com/product/8sdxFT/m2-2280-ssd-heatsink-double-sided-heat-sink-matching-thermal-silicone-pad-for-pcie-nvme-m2-ssd-or-sata-m2-ssd","YATENG","SRP-002"
"","Microsoft - Controller for Xbox Series X, Xbox Series S, and Xbox One - Robot White","https://pcpartpicker.com/product/khH8TW/placeholder-","Microsoft","QAS-00001"
"","upHere 3-Pack Wireless RGB LED 120mm Case Fan,Quiet Edition High Airflow Adjustable Color LED Case Fan for PC Cases, CPU Coolers,Radiators system","https://pcpartpicker.com/product/V3448d/uphere-3-pack-wireless-rgb-led-120mm-case-fanquiet-edition-high-airflow-adjustable-color-led-case-fan-for-pc-cases-cpu-coolersradiators-system","upHere","RGB123-USA"
"","Lite-On Super AllWrite 24X SATA DVD+/-RW Dual Layer Drive - Bulk - IHAS124-04 (Black)","https://pcpartpicker.com/product/PRzZxr/lite-on-super-allwrite-24x-sata-dvd-rw-dual-layer-drive-bulk-ihas124-04-black","Lite-On","IHAS124-04 BLACK"
"","Thermal Grizzly KryoSheet (33 x 33 x 0,2 mm)","https://pcpartpicker.com/product/kH3NnQ/placeholder","Thermal Grizzly","TG-KS-24-12"
"","CableMod Classic ModFlex Cable Extension Kit - 8+8 Series - Black [CM-CAB-CKIT-88KK-R]","https://pcpartpicker.com/product/crTzK8/placeholder-","CableMod","CM-CAB-CKIT-88KK-R"
"","Lian Li G89.PW24-V2.00","https://pcpartpicker.com/product/pcsnTW/placeholder-","Lian Li","G89.PW24-V2.00"
"","Asiahorse Power Supply Sleeved Cable for Power Supply Extension Cable Wire Kit 1x24-PIN/ 2x8-PORT (4+4) M/B,3x8-PORT (6+2) PCI-E 30cm Length with Combs(Dual EPS White)","https://pcpartpicker.com/product/4hRgXL/placeholder-","AsiaHorse","B08KD9T7SG"
"","Asiahorse Power Supply Sleeved Cable for Power Supply Extension Cable Wire Kit 1x24-PIN/ 2x8-PORT (4+4) M/B,3x8-PORT (6+2) PCI-E 30cm Length with Combs(Dual EPS White)","https://pcpartpicker.com/product/4hRgXL/placeholder-","AsiaHorse","B08KD9T7SG"
"","ASIAHORSE 18AWG PSU Cable Extension Sleeved Custom Power Supply Braided with Combs kit for ATX CPU GPU Modular Power Supply Unit /1x24P/1x8P (4+4) CPU/2x8 P(6+2) GPU/30CM 11.8Inch (Black)","https://pcpartpicker.com/product/8ZhmP6/placeholder-","AsiaHorse","B08HLYM54P"
"","ASIAHORSE 18AWG PSU Cable Extension Sleeved Custom Power Supply Braided with Combs kit for ATX CPU GPU Modular Power Supply Unit /1x24P/1x8P (4+4) CPU/2x8 P(6+2) GPU/30CM 11.8Inch (Black)","https://pcpartpicker.com/product/8ZhmP6/placeholder-","AsiaHorse","B08HLYM54P"
"","Thermal Grizzly KryoSheet (33 x 33 x 0,2 mm)","https://pcpartpicker.com/product/kH3NnQ/placeholder","Thermal Grizzly","TG-KS-24-12"
"","CableMod Classic ModFlex Cable Extension Kit - 8+8 Series - Black [CM-CAB-CKIT-88KK-R]","https://pcpartpicker.com/product/crTzK8/placeholder-","CableMod","CM-CAB-CKIT-88KK-R"
"","Lian Li G89.PW24-V2.00","https://pcpartpicker.com/product/pcsnTW/placeholder-","Lian Li","G89.PW24-V2.00"
"","Asiahorse Power Supply Sleeved Cable for Power Supply Extension Cable Wire Kit 1x24-PIN/ 2x8-PORT (4+4) M/B,3x8-PORT (6+2) PCI-E 30cm Length with Combs(Dual EPS White)","https://pcpartpicker.com/product/4hRgXL/placeholder-","AsiaHorse","B08KD9T7SG"
"","Asiahorse Power Supply Sleeved Cable for Power Supply Extension Cable Wire Kit 1x24-PIN/ 2x8-PORT (4+4) M/B,3x8-PORT (6+2) PCI-E 30cm Length with Combs(Dual EPS White)","https://pcpartpicker.com/product/4hRgXL/placeholder-","AsiaHorse","B08KD9T7SG"
"","ASIAHORSE 18AWG PSU Cable Extension Sleeved Custom Power Supply Braided with Combs kit for ATX CPU GPU Modular Power Supply Unit /1x24P/1x8P (4+4) CPU/2x8 P(6+2) GPU/30CM 11.8Inch (Black)","https://pcpartpicker.com/product/8ZhmP6/placeholder-","AsiaHorse","B08HLYM54P"
"","ASIAHORSE 18AWG PSU Cable Extension Sleeved Custom Power Supply Braided with Combs kit for ATX CPU GPU Modular Power Supply Unit /1x24P/1x8P (4+4) CPU/2x8 P(6+2) GPU/30CM 11.8Inch (Black)","https://pcpartpicker.com/product/8ZhmP6/placeholder-","AsiaHorse","B08HLYM54P"
"","ASIAHORSE 18AWG PSU Cable Extension Sleeved Custom Power Supply Braided with Combs kit for ATX CPU GPU Modular Power Supply Unit /1x24P/1x8P (4+4) CPU/2x8 P(6+2) GPU/30CM 11.8Inch (Black)","https://pcpartpicker.com/product/8ZhmP6/placeholder-","AsiaHorse","B08HLYM54P"
"","Aluminum Mini ITX Case with PCI 4.0 Riser, JOYJOM Mini PC Case, SFF Small Form Factor PC Case, TX Computer Gaming Case Supports GPU Graphics Card and Flex Power Supply (Black)","https://pcpartpicker.com/product/8vwypg/placeholder","JOYJOM","B0BLXY7S4Y"
"","SilverStone SST-SF160B-ARGB Shark Force Performance 160mm ARGB Case Fan","https://pcpartpicker.com/product/mr4Zxr/placeholder","Silverstone","SST-SF160B-ARGB"
"","NZXT F360 RGB Core - 360mm Single-Frame Fan Unit with 3 x 120mm RGB Fans - Speed & Lighting Control - High Static Pressure & Airflow - Fluid Dynamic Bearings - 8 aRGB LEDs Per Fan - Black","https://pcpartpicker.com/product/fxpQzy/placeholder","NZXT","RF-U36HF-B1"
"","ASIAHORSE 18AWG PSU Cable Extension Sleeved Custom Power Supply Braided with Combs kit for ATX CPU GPU Modular Power Supply Unit /1x24P/1x8P (4+4) CPU/2x8 P(6+2) GPU/30CM 11.8Inch (Black)","https://pcpartpicker.com/product/8ZhmP6/placeholder-","AsiaHorse","B08HLYM54P"
"","ASIAHORSE 18AWG PSU Cable Extension Sleeved Custom Power Supply Braided with Combs kit for ATX CPU GPU Modular Power Supply Unit /1x24P/1x8P (4+4) CPU/2x8 P(6+2) GPU/30CM 11.8Inch (Black)","https://pcpartpicker.com/product/8ZhmP6/placeholder-","AsiaHorse","B08HLYM54P"
"","ASIAHORSE 18AWG PSU Cable Extension Sleeved Custom Power Supply Braided with Combs kit for ATX CPU GPU Modular Power Supply Unit /1x24P/1x8P (4+4) CPU/2x8 P(6+2) GPU/30CM 11.8Inch (Black)","https://pcpartpicker.com/product/8ZhmP6/placeholder-","AsiaHorse","B08HLYM54P"
"","ASIAHORSE 18AWG PSU Cable Extension Sleeved Custom Power Supply Braided with Combs kit for ATX CPU GPU Modular Power Supply Unit /1x24P/1x8P (4+4) CPU/2x8 P(6+2) GPU/30CM 11.8Inch (Black)","https://pcpartpicker.com/product/8ZhmP6/placeholder-","AsiaHorse","B08HLYM54P"
"","Aquacomputer Farbwerk 360 (53279)","https://pcpartpicker.com/product/4qYLrH/aquacomputer-farbwerk-360-53279","Aquacomputer","53279"
"","Cooler Master MasterAccessory Vertical Graphics Card Holder Kit V3...","https://pcpartpicker.com/product/GmGhP6/placeholder","Cooler Master","MCA-U000R-WFVK03"
"","upHere GPU Support Bracket, Gpu Anti Sag Bracket, Graphics Card GPU Support, Video Card Sag Holder Bracket, GPU Stand, S(26mm-50mm)","https://pcpartpicker.com/product/ZBMMnQ/placeholder","upHere","B0CZ8F4DT4"
"","upHere 5V Addressable RGB Graphics Card GPU Brace Support Video Card Sag Holder,Built-in 5V ARGB Lamp,Adjustable Height Support,GH03ARGB","https://pcpartpicker.com/product/QFH7YJ/placeholder","upHere","GH03ARGB-US"
"","Elite Series 2 Controller - Black","https://pcpartpicker.com/product/s4tQzy/elite-series-2-controller-black","Placeholder","B07SFKTLZM"
"","XFX Quicksilver AMD Radeon RX 9070 OC Gaming Edition with 16GB GDDR6 HDMI 3xDP, AMD RDNA 4 RX-97QICKBBA","https://pcpartpicker.com/product/fBLp99/placeholder","XFX","RX-97QICKBBA"
"","Thermaltake Water Cooling System 1000mm V-Tubler PETG Hard Tubing, 4-Pack","https://pcpartpicker.com/product/KDwqqs/thermaltake-water-cooling-system-1000mm-v-tubler-petg-hard-tubing-4-pack","Thermaltake USA Direct","CL-W116-PL16TR-A"
"","LSI LOGIC SAS 9207-8i Storage Controller LSI00301","https://pcpartpicker.com/product/MC8H99/lsi-logic-sas-9207-8i-storage-controller-lsi00301","LSI LOGIC","LSI00301"
"","MSI Vigor Backlit RGB Dedicated Hotkeys Anti-Ghosting Mechanical Feel Gaming Keyboard & Gaming Mouse Combo (Vigor GK30 Combo US)","https://pcpartpicker.com/product/wBvqqs/placeholder-","MSI COMPUTER","VIGOR GK30 COMBO"
"","wisecoco 14 Inch LCD Screen for Lian Li O11 Mini PC Case FHD 1920x1080 Laptop Screen Replacement PC Secondary Display HDMI 72% NTSC(White)","https://pcpartpicker.com/product/qpqrxr/placeholder","wisecoco","B0D66FR2DT"
"","Support","https://pcpartpicker.com/product/6MRYcf/placeholder","Cooler Master",""
"","Trust Gaming GXT 834 Callaz Tastiera Meccanica TKL Compatta, Layout Italiano QWERTY, Switch Meccanici Outemu, Illuminazione Onda Arcobaleno, USB Tastiera Gaming per PC, Laptop, Portatile - Ne","https://pcpartpicker.com/product/zWcgXL/placeholder","Trust","24406"
"","G.SKILL Trident Z5 Neo RGB Series (AMD Expo) DDR5 RAM 32GB (2x16GB) 6000MT/s CL28-36-36-96 1.40V Desktop Computer Memory UDIMM - Matte White (F5-6000J2836G16GX2-TZ5NRW)","https://pcpartpicker.com/product/hNkH99/placeholder","G.Skill","B0DGRFBN96"
"","Thermalright ARGB Fan HUB Controller Support 8 Groups of Fans, 8-Port 4 Pin PC Fan Controller, 5V-3Pin ARGB Fan Hub, Strong Paste+Magnetic Suction, SATA Power Cord(12V 4-pin RGB is not Suppor","https://pcpartpicker.com/product/cKrRsY/placeholder","Thermalright","ARGB FAN HUB×8-d2"
"","AsiaHorse Netzteil ummanteltes Kabel, 16 AWG PSU-Verlängerungskabel-Kit für weißen Stecker, 1x24Pin/2x4+4 EPS/3x6+2 PCI-E, 30cm Länge mit Kämmen-Weiß","https://pcpartpicker.com/product/n6Gbt6/placeholder","AsiaHorse","B0B4V8T8BD"
"","Thermal Grizzly KryoSheet (33 x 33 x 0,2 mm)","https://pcpartpicker.com/product/kH3NnQ/placeholder","Thermal Grizzly","TG-KS-24-12"
"","LG - UltraGear 32"" IPS LED 180Hz 1-ms NVIDIA G-SYNC Compatible and AMD Freesync Gaming Monitor with HDR - Black","https://pcpartpicker.com/product/Vhn9TW/placeholder","LG","32GS75Q-B.AUS"
"","D & K Exclusives Headphone Splitter For Computer 3.5mm Female to 2 Dual 3.5mm Male Headphone Mic Audio Y Splitter Cable Smartphone Headset to PC Adapter","https://pcpartpicker.com/product/NdPzK8/d-k-exclusives-headphone-splitter-for-computer-35mm-female-to-2-dual-35mm-male-headphone-mic-audio-y-splitter-cable-smartphone-headset-to-pc-adapter","D & K Exclusives","B01MQZ2023"
"","CORSAIR iCUE LINK LX140 RGB 140mm PWM Fan Single Pack – Dual Light Loops – Requires iCUE LINK System Hub (Sold Separately) – CORSAIR AirGuide Technology – Black","https://pcpartpicker.com/product/BswmP6/placeholder","Corsair","CO-9051027-WW"
"","YABOANG USB 3.2 GEN1 5Gbps Type-E(A key)+USB3.0 20pin front panel scheda di espansione, compatibile con XP/ WIN7/ WIN8 /VISTA/ WIN10/ WIN11 32BIT/64BIT/ LINUX.","https://pcpartpicker.com/product/mHmNnQ/placeholder","YABOANG","B0CWLJ2QS2"
"","Logitech G29 Driving Force Racing Wheel","https://pcpartpicker.com/product/WTrcCJ/logitech-g29-driving-force-racing-wheel","Logitech","941-000110"
"","Graphics Card GPU Brace Support, Video Card Sag Holder Bracket, GPU Stand","https://pcpartpicker.com/product/zrWzK8/placeholder","nkomax","SSZJ-L"
"","NZXT Vertical GPU Mounting Kit - AB-RH175-W1-175 mm PCIe 4.0x16 Riser Cable - GPU Holder - Sturdy Steel Bracket - White","https://pcpartpicker.com/product/YfzhP6/placeholder","NZXT","AB-RH175-W1"
"","CORSAIR iCUE Commander CORE XT, Digital Fan Speed and RGB Lighting Controller","https://pcpartpicker.com/product/rX3gXL/placeholder","Corsair","CL-9011112-WW"
"","Cable Matters (3 Pack) 4 Pin Molex to Dual SATA Power Y-Cable Adapter- 6 Inches","https://pcpartpicker.com/product/sgcMnQ/cable-matters-3-pack-4-pin-molex-to-dual-sata-power-y-cable-adapter-6-inches","Cable Matters","104010-6x3"
"","EZDIY-FAB PSU Cable Extension Sleeved Custom Mod GPU PC Power Supply Soft Nylon Braided with Comb Kit 24PIN/8PIN to 6+2Pin/ 8PIN to 4+4PIN-30CM 300MM - Black Grey","https://pcpartpicker.com/product/vLmFf7/placeholder-","EZDIY-FAB","US-BGrey 18AWG-300"
"","Elegoo EL-CP-004 120pcs Multicolored Dupont Wire 40pin Male to Female, 40pin Male to Male, 40pin Female to Female Breadboard Jumper Wires Ribbon Cables Kit for arduino","https://pcpartpicker.com/product/8CWfrH/elegoo-el-cp-004-120pcs-multicolored-dupont-wire-40pin-male-to-female-40pin-male-to-male-40pin-female-to-female-breadboard-jumper-wires-ribbon-cables-kit-for-arduino","Elegoo","EL-CP-004"
"","LINKUP - Internal 9pin USB 2.0 to USB 3.0 Converter for Motherboard USB2 9Pin Header Convert to USB3 20Pin Male Adapter (ADP U2F-U3M-IDC)","https://pcpartpicker.com/product/vjgQzy/placeholder-","LINKUP Technology Inc.","B084D58HBP"
"","Blue Microphones Yeti USB Microphone - Blackout Edition","https://pcpartpicker.com/product/B4M323/blue-microphones-yeti-usb-microphone-blackout-edition","Blue Microphones","2070"
"","Noctua NM-AM5/4-MP83 SecuFirm2 Mounting-Kit for AMD AM5 & AM4","https://pcpartpicker.com/product/k3qPxr/placeholder","Noctua","NM-AM5/4-MP83"
"","Sabrent 4-Port USB 3.0 Hub with Individual Power Switches and LEDs (HB-UM43)","https://pcpartpicker.com/product/rTYWGX/sabrent-4-port-usb-30-hub-with-individual-power-switches-and-leds-hb-um43","Sabrent","HB-UM43"
"","ASUS TUF Gaming 24' (23.6' viewable) Curved Monitor (VG24VQER) -...","https://pcpartpicker.com/product/sm4Zxr/placeholder","ASUS","90LM0AF0-B011B0"
"","Lian Li Strimer Plus V2 8-Pin RGB VGA-Kabel","https://pcpartpicker.com/product/FtTp99/placeholder","LIAN LI","ZUAD-1271"
"","Lian Li GB-002 Anti Sag Bracket for VGA Cards","https://pcpartpicker.com/product/KFhFf7/placeholder","Lian Li","GB-002X"
"","uphere 3-pack Long Life Computer Case Fan 120mm Cooling Case Fan for Computer Cases Cooling","https://pcpartpicker.com/product/6G7CmG/uphere-3-pack-long-life-computer-case-fan-120mm-cooling-case-fan-for-computer-cases-cooling","uphere","uphere 3pack case fan"
"","DoubleW Typewriter Style Mechanical Gaming Keyboard with True RGB Backlit, Detachable Wrist Rest, 108-Key Anti-Ghosting Blue Switch Retro Steampunk Vintage Round Keycaps, Black","https://pcpartpicker.com/product/Y2fFf7/placeholder-","DoubleW","B07XVCP7F5"
"","Samsung 64GB FIT Plus USB 3.1 Flash Drive, Speed Up to 200MB/s","https://pcpartpicker.com/product/qK97YJ/samsung-64gb-fit-plus-usb-31-flash-drive-speed-up-to-200mbs","SAMSUNG","MUF-64AB/AM"
"","Microsoft Xbox Wireless Controller Robot White - Wireless & Bluetooth Connectivity - New Hybrid D-pad - New Share Button - Featuring Textured Grip - Easily Pair & Switch Between Devices","https://pcpartpicker.com/product/mrn9TW/placeholder","Microsoft","QAS-00007"
"","Thermal Grizzly KryoSheet (33 x 33 x 0,2 mm)","https://pcpartpicker.com/product/kH3NnQ/placeholder","Thermal Grizzly","TG-KS-24-12"
"","Sama Neview 2351 Black Dual USB3.0 and Type C Tempered Glass ATX...","https://pcpartpicker.com/product/dhJp99/placeholder","SAMA (Case & Power Supply)","Neview 2351 Black"
"","12VHPWR 90 Degree Adapter for Corsair: PCIE 5.0 16AWG 600W 12VHPWR Adapter Dual 8 Pin PCIe to 16 Pin 12+4 Pin for RTX 4090 4080 3090TI 4070Ti Graphics Card GPU, ONLY for Corsair Power Supply","https://pcpartpicker.com/product/ktQKHx/placeholder","JOYJOM","Type B for Corsair Power Supply"
"","Western Digital 1TB P40 Game Drive SSD - Up to 2,000MB/s, RGB Lighting, Portable External Solid State Drive , Compatible with Playstation, Xbox, PC, & Mac - WDBAWY0010BBK-WESN","https://pcpartpicker.com/product/KkmNnQ/placeholder","Western Digital Technologies, Inc.","WDBAWY0010BBK-WESN"
"","Pccooler 120mm Fan 3-Pack Moonlight series, PC-3M120 RGB LED Computer Case Fan - PWM PC Cooling Fan - Dual Light Loop Quiet Fan/Multiple Light Modes with Controller for PC Cases, CPU Coolers","https://pcpartpicker.com/product/tkrmP6/pccooler-120mm-fan-3-pack-moonlight-series-pc-3m120-rgb-led-computer-case-fan-pwm-pc-cooling-fan-dual-light-loop-quiet-fanmultiple-light-modes-with-controller-for-pc-cases-cpu-coolers","Pccooler","PC-3M120"
"","NZXT Puck - Cable Management and Headset-Mounting Solution","https://pcpartpicker.com/product/kTTrxr/nzxt-puck-cable-management-and-headset-mounting-solution","NZXT - US PC","BA-PCKRT-RD"
"","Mount-It! Dual Monitor Desk Stand Mount for LCD LED Computer Displays Two Articulating Arms Clamp Desk Installation Fits up to 27 Inch Screens Heavy-Duty 35 Lb Capacity VESA 75 and 100","https://pcpartpicker.com/product/2kWrxr/mount-it-dual-monitor-desk-stand-mount-for-lcd-led-computer-displays-two-articulating-arms-clamp-desk-installation-fits-up-to-27-inch-screens-heavy-duty-35-lb-capacity-vesa-75-and-100","Mount-It!","MI-2752"
"","LINKUP - Ultra PCIe 4.0 X16 Riser Cable [RTX3090 x570 B550 RX6900XT Tested] Shielded High-Speed Vertical Mount Gaming PCI Express Gen4┃Universal 90 Degree Socket {15cm} 3.0 Gen3 Compatible┃Wh","https://pcpartpicker.com/product/7cbTwP/placeholder-","LINKUP Technology Inc.","PCIE4EXT11SR-015-WH"
"","Samsung LU32J590UQPXXU UJ590 32"" 4K UHD Monitor - Ultra HD 3840 x 2160, HDMI, Displayport, Freesync","https://pcpartpicker.com/product/296NnQ/placeholder","Samsung","LU32J590UQPXXU"
"","Corsair Gaming MM300 Anti-Fray Cloth Gaming Mouse Pad, Medium","https://pcpartpicker.com/product/Nh7CmG/corsair-gaming-mm300-anti-fray-cloth-gaming-mouse-pad-medium","Corsair","CH-9000106-WW"
"","KingBank Computer Desktop Memory Ram DDR4 16GB(2x8GB) 2666MHZ CL19 1.2V with Heatsink for PC Gaming/Office/PS,Silver","https://pcpartpicker.com/product/ycqNnQ/placeholder","KingBank","B0DF7L2SK6"
"","AsiaHorse 18AWG PSU Cable Extension Sleeved Custom Mod GPU PC Audio Video Power Supply Soft Braided Cables with Two Color Comb Kit 24P/8P to 6+2P/ 8P to 4+4P 30CM","https://pcpartpicker.com/product/KcHqqs/placeholder","AsiaHorse","Snow-White-4KIT-CA"
"","PhaseByte Extended Gaming Mouse Pad - Non-Slip Gaming Mouse Mat with Stitched Edges - Smooth Micro-Fiber Computer Desk Mat Pad - Hand Washable Gaming Mousepad - 900x400x4mm - Hidden Peak","https://pcpartpicker.com/product/msRYcf/placeholder","PhaseByte","B0B4Q1HYYM"
"","Lian Li Strimer Plus V2 24-Pin RGB Mainboardkabel","https://pcpartpicker.com/product/QVzhP6/placeholder","LIAN LI","STRIMER PULS 24 V2"
"","Sleeved Cables PSU Extension Cable Kit with 30CM Sleeved 24-PIN 8-PIN 6-PIN 4+4-PIN for ATX Power Supply","https://pcpartpicker.com/product/P7PgXL/sleeved-cables-psu-extension-cable-kit-with-30cm-sleeved-24-pin-8-pin-6-pin-44-pin-for-atx-power-supply","MC Dream","B07STLCL6T"
"","ICOLER UNI Fan JM-V2 120 Infinity Mirror Module Daisy-Chain ARGB PWM Case Fan 120mm Reverse Fan Triple Pack Suitable for Computer Case & 360mm AIO Cooler","https://pcpartpicker.com/product/9KV2FT/placeholder","ICOLER","JM V2-3IN1 BK Reverse fan"
"","152 pcs Cord Management Organizer Kit 4 Cable Sleeve split with 41Self Adhesive Cable Clips Holder, 10pcs and 2 Roll Self Adhesive tie and 100 Fastening Cable Ties for TV Office Home Electron","https://pcpartpicker.com/product/ydGbt6/placeholder-","N NOROCME","B09478CKG2"
"","MOUNT PRO Dual Monitor Wall Mount Bracket - Height Adjustable Full Motion Articulating Gas Spring Monitor Arm Stand- Fits 13 to 32 Inch LCD Computer Screens,Holds up to 17.6lbs,VESA 75x75, 10","https://pcpartpicker.com/product/TBzhP6/placeholder-","MOUNT PRO","PR7002"
"","Fractal Design Flex 2 PCIe 4.0 x16 Black Vertical GPU Riser with...","https://pcpartpicker.com/product/bw3NnQ/placeholder","Fractal Design","FD-A-FLX2-001"
"","Thermalright TL-M12W-S 120mm ARGB CPU Fan, with 1500RPM Speed, White Computer Case Fan, Quiet 4pin PWM PC Fan, for S-FDB Bearing CPU Cooler Fan,with Side Mirror ARGB Lighting Effect","https://pcpartpicker.com/product/ZqMMnQ/placeholder","Thermalright","TL-M12W-S"
"","OwlTree 2 Pack Motherboard 9 Pin USB 2.0 to Dual 9 Pin Extension Splitter, Motherboard USB Splitter 9 Pin Header Cable, USB2.0 Header Splitter for Internal Computer Motherboard (Braided White","https://pcpartpicker.com/product/zcpQzy/placeholder","OWltree","B0CZRRX8XZ"
"","Logitech Powerplay Wireless Charging Gaming Mouse Pad (for Logitech G903 and G703)","https://pcpartpicker.com/product/yXDzK8/logitech-powerplay-wireless-charging-gaming-mouse-pad-for-logitech-g903-and-g703","Logitech","943-000110"
"","Phanteks Premium GEN4 Vertical GPU Bracket, DRGB Lighting,...","https://pcpartpicker.com/product/NkzXsY/placeholder","Phanteks","PH-PGPUKT4.0_DWT01"
"","HyperX Pudding Keycaps - Full Key Set - PBT - English (US) Layout - 104 Key, Backlit, OEM Profile, 2 Year Warranty - White","https://pcpartpicker.com/product/7wXYcf/placeholder-","HyperX","HKCPXP-WT-US/G"
"","SteelSeries QcK Mini Gaming Mouse Pad (Black)","https://pcpartpicker.com/product/bZcMnQ/steelseries-qck-mini-gaming-mouse-pad-black","SteelSeries","63005"
"","BCM94360NG 802.11AC 1200M NGFF M.2 2230 wifi card for mac OS BCM94360CS Wireless Card original M.2 card for macOS Plug and Play for AirDrop Continuity Handoff Better BCM94352Z DW1560 for Inte","https://pcpartpicker.com/product/D9pmP6/placeholder-","REKONG","B0861T79QY"
"","WOWNOVA 8.8"" Computer Temp Monitor (Dynamic Theme Supported), 1 Click 1 Cable to Get Started Quickly PC Temperature Display Sensor Panel IPS Mini Secondary Screen CPU RAM HDD Data FPS Monitor","https://pcpartpicker.com/product/KNsV3C/placeholder","WOWNOVA","B0CBNCVVN5"
"","AsiaHorse Power Supply Sleeved Cable, 16 AWG PSU Extension Cable Kit of White Connector, 1x24Pin/2x4+4 EPS/3x6+2 PCI-E, 30cm Length with Combs-White and Bule","https://pcpartpicker.com/product/t8D7YJ/placeholder","AsiaHorse","B0B56MB4VF"
"","NZXT RGB & Fan Controller - AC-CRFR0-B1-6 RGB Lighting Channels - 3 Fan Channels - RGB Lighting Customization - Black","https://pcpartpicker.com/product/wkBG3C/placeholder","NZXT","AC-CRFR0-B1"
"","Corsair Internal 4-Port USB 2.0 Hub - 4X 9-Pin USB 2.0 Ports - Easy Magnetic Installation - Compatible with Most Intel® and AMD® Motherboards - Black","https://pcpartpicker.com/product/HVddnQ/placeholder","Corsair","CC-9310002-WW"
"","Thermalright CPU Contact Frame Anti-Bending Buckle for AM5 Secure Frame Kit Red","https://pcpartpicker.com/product/GTWJ7P/placeholder","Thermalright","AM5-Secure-Frame-RED"
"","Razer Chroma Addressable RGB Controller: Universal Compatibility - 6 Addressable RGB Headers - Powered by Razer Chroma RGB - Supported by Razer Synapse 3 - SSD Mounting Points","https://pcpartpicker.com/product/dyGnTW/placeholder-","Razer Inc.","RZ34-02140600-R3M1"
"","Zowie Gear Large Gaming Mouse Pad (G-SR)","https://pcpartpicker.com/product/v6Brxr/zowie-gear-large-gaming-mouse-pad-g-sr","Zowie Gear","G-SR"
"","COOCAT CC-05 Custom Mod Sleeved PSU Cable, White Braided 18AWG ATX EPS PCI-E Extension Cable Kit with Combs for CPU GPU Modular Power Supply Unit, 30CM (Red_Black)","https://pcpartpicker.com/product/3pZzK8/placeholder-","COOCAT","CC-NSC"
"","TeckNet 2.4G Nano Wireless Mouse, 5 Buttons (M002)","https://pcpartpicker.com/product/tJmxFT/tecknet-24g-nano-wireless-mouse-5-buttons-m002","TeckNet","817888"
"","Gloway DDR4 Ram 32GB (2x16GB) 3200MHz(PC4-25600) CL18 1.35V 288-Pin DDR4 UDIMM Aluminum Desktop Computer Memory Kit- White","https://pcpartpicker.com/product/pHwypg/placeholder","GLOWAY","B099JHLHTL"
"","JONSBO JONSPLUS Z20 Black Micro-ATX Mini Tower PC Case,with Detachable Carrying Handle, Mini Size, High-Performance Hardware Compatible, Support 240AIO, H160mm Cooler, Black","https://pcpartpicker.com/product/fNKscf/placeholder","Jonsbo","B0CWQK3LMB"
"","Thermalright ASF-RED AM5 CPU Holder, Corrective Anti-Bending Fixing Frame, AM5 Full-fit Fixed Non-Marking Mounter, AM5 Anti-Bending Contact Frame, CPU Cooler Standard.…","https://pcpartpicker.com/product/PMGbt6/placeholder","Thermalright","B0BMK8KZCN"
"","Headphone 3.5mm Splitter Mic Cable for Computer, KOOPAO Headset 3.5mm Female to 2 Dual Male Microphone Audio Stereo Jack Earphones Port to Gaming Speaker PC Adapter","https://pcpartpicker.com/product/PTNgXL/placeholder-","KOOPAO","M4S-BR"
"","LINKUP - AVA5 PCIE 5.0 Riser Cable | RTX5090 5080 GPU Ready | x16 128GB/s Speed | Compatible with PCIe 4.0 & WRX80/WRX90E | Right Angle, Black, 20cm","https://pcpartpicker.com/product/kTYfrH/placeholder","LINKUP Technology Inc.","AG-P5-33SR-020BK-v3"
"","Phobya temperature sensor in / outer thread G1 / 4","https://pcpartpicker.com/product/n6dFf7/phobya-temperature-sensor-in-outer-thread-g1-4","Phobya","71170"
"","LINKUP - 30cm ATX 24 Pin (20+4) Motherboard PSU Braided Sleeved Power Supply Extension Cable w/Combs┃Strong & Stiff Design┃Single Pack┃300mm - White","https://pcpartpicker.com/product/vJrRsY/placeholder","LINKUP Technology Inc.","PEM-24MB-WH30"
"","EZDIY-FAB PCIe 5.0 Adapter - 600W 12+4pin, 16pin 12VHPWR GPU Power Connector, 180 Degree Right Angle - Compatible with RTX 3090Ti, 4070Ti, 4080, 4090 Graphics Cards - RVS Type, Black, 1 Pack","https://pcpartpicker.com/product/G6ZXsY/placeholder","EZDIY-FAB","B0CP3NBHF4"
"","AmazonBasics Line-Interactive UPS 1500VA 900 Watt, 10 Outlets","https://pcpartpicker.com/product/vPBhP6/placeholder-","AmazonBasics","1PA-1198004-00G"
"","Phobya Shroud Plexi 140mm x 140mm x 20mm","https://pcpartpicker.com/product/ZYwqqs/phobya-shroud-plexi-140mm-x-140mm-x-20mm","Phobya","38113"
"","SFF Noir Shadowlink Antenna - Dual Band WiFi and Bluetooth Antenna Set for PC (Mini)","https://pcpartpicker.com/product/DkXJ7P/placeholder-","SFF Noir, LLC","3"
"","Rii Primer RGB Compact Gaming Keyboard RK104,Backlight Keyboard,Small 87 Keys Computer Keyboard for Windows PC Laptop Desktop","https://pcpartpicker.com/product/vM3mP6/placeholder-","Rii","RK104"
"","Saitek PS28 X52 Flight Control System","https://pcpartpicker.com/product/sMVBD3/saitek-ps28-x52-flight-control-system","Mad Catz","PS28"
"","NZXT F280 RGB CORE RF-U28HF-W1 RGB LED Single-Frame RGB Fan Unit","https://pcpartpicker.com/product/wbmNnQ/placeholder","NZXT","RF-U28HF-W1"
"","Thermal Grizzly KryoSheet (38 x 38 x 0,2 mm)","https://pcpartpicker.com/product/nK7scf/placeholder","Thermal Grizzly","TG-KS-24-12"
"","Asiahorse Power Supply Sleeved Cable for Power Supply Extension Cable Wire Kit 1x24-PIN/ 2x8-PORT (4+4) M/B,3x8-PORT (6+2) PCI-E 30cm Length with Combs(Dual EPS Black-Mix)","https://pcpartpicker.com/product/bTdrxr/placeholder-","AsiaHorse","B08KDHGLT6"
"","Azeron Cyborg Gaming Keypad – Programmable One Handed Gaming Keyboard for PC Gaming – with Analog Thumbstick and 29 Programmable Keys – 3D Printed Customized Keypad – for Righties (Red)","https://pcpartpicker.com/product/cKWzK8/placeholder","SIA Azeron","B0B3YB78JR"
"","Aluminum Mini ITX Case with PCI 4.0 Riser, JOYJOM Mini PC Case, SFF Small Form Factor PC Case, TX Computer Gaming Case Supports GPU Graphics Card and Flex Power Supply (Black)","https://pcpartpicker.com/product/8vwypg/placeholder","JOYJOM","B0BLXY7S4Y"
"","SilverStone SST-SF160B-ARGB Shark Force Performance 160mm ARGB Case Fan","https://pcpartpicker.com/product/mr4Zxr/placeholder","Silverstone","SST-SF160B-ARGB"
"","NZXT F360 RGB Core - 360mm Single-Frame Fan Unit with 3 x 120mm RGB Fans - Speed & Lighting Control - High Static Pressure & Airflow - Fluid Dynamic Bearings - 8 aRGB LEDs Per Fan - Black","https://pcpartpicker.com/product/fxpQzy/placeholder","NZXT","RF-U36HF-B1"
"","Aquacomputer Farbwerk 360 (53279)","https://pcpartpicker.com/product/4qYLrH/aquacomputer-farbwerk-360-53279","Aquacomputer","53279"
"","Cooler Master MasterAccessory Vertical Graphics Card Holder Kit V3...","https://pcpartpicker.com/product/GmGhP6/placeholder","Cooler Master","MCA-U000R-WFVK03"
"","upHere GPU Support Bracket, Gpu Anti Sag Bracket, Graphics Card GPU Support, Video Card Sag Holder Bracket, GPU Stand, S(26mm-50mm)","https://pcpartpicker.com/product/ZBMMnQ/placeholder","upHere","B0CZ8F4DT4"
"","upHere 5V Addressable RGB Graphics Card GPU Brace Support Video Card Sag Holder,Built-in 5V ARGB Lamp,Adjustable Height Support,GH03ARGB","https://pcpartpicker.com/product/QFH7YJ/placeholder","upHere","GH03ARGB-US"
"","Elite Series 2 Controller - Black","https://pcpartpicker.com/product/s4tQzy/elite-series-2-controller-black","Placeholder","B07SFKTLZM"
"","SAMA 750W Black Power Supply 80 Plus Gold Full Voltage Full Modular FDB Silent Fan ECO Mode 12V PSU ATX Power Supply for All Graphics Cards Black 10 Year Warranty","https://pcpartpicker.com/product/9KtLrH/placeholder","SAMA","B0CSSPNQGQ"
"","Noctua NA-SAVP1 Chromax Anti-Vibration Fan Mount Set - 16 Pack - White (NA-SAVP1 white)","https://pcpartpicker.com/product/bh7CmG/noctua-na-savp1-chromax-anti-vibration-fan-mount-set-16-pack-white-na-savp1-white","Noctua","NA-SAVP1 chromax.white"
"","Audio-Technica 20 Series AT2035 Cardioid Condenser Side Address Microphone","https://pcpartpicker.com/product/srcMnQ/audio-technica-20-series-at2035-cardioid-condenser-side-address-microphone","Audio-Technica","AT2035"
"","Thermalright ASF-Black AM5 CPU Holder, Corrective Anti-Bending Fixing Frame, AM5 Full-fit Fixed Non-Marking Mounter, CPU Cooler Standard,AM5 Anti-Bending Contact Frame","https://pcpartpicker.com/product/QmddnQ/placeholder","Thermalright","B0BML25FD7"
"","CORSAIR Premium Individually Sleeved PSU Cables Pro Kit – Black, 2 Year Warranty","https://pcpartpicker.com/product/zfw7YJ/corsair-premium-individually-sleeved-psu-cables-pro-kit-black-2-year-warranty","Corsair","CP-8920224"
"","DGHAOP PC Case Fan Governor PWM Temperature Control 3Pin/4pin PCI Cooling Fan Speed Controller SATA Power Supply","https://pcpartpicker.com/product/24VmP6/placeholder","DGHAOP","PCCFGTC-1"
"","TeckNet Pro 2.4G Wireless Mouse,Nano Receiver,6 Buttons,24 Month Battery Life,2400 DPI 3 Adjustment Levels","https://pcpartpicker.com/product/GwYWGX/tecknet-pro-24g-wireless-mousenano-receiver6-buttons24-month-battery-life2400-dpi-3-adjustment-levels","TECKNET","849993"
"","Asiahorse 18AWG Purple Sleeved Cable PSU Extension Cable Kit with 24 PIN 6+2 PIN 4+4 PIN Sleeved Extension Cables for ATX Power Supply with Two Color Cable Combs","https://pcpartpicker.com/product/KzfnTW/placeholder-","AsiaHorse","B08YNRCBB9"
"","REKONG WiFi 6E BT5.2 AX210NGW Dual-Band 160MHz M.2 2230 WiFi Card Wireless 802.11ax 2x2 MU-MIMO AX210 3000Mbps NGFF Network Card Better AX200NGW Card for PC Laptops Only Support Windows 10,64","https://pcpartpicker.com/product/w8Tp99/placeholder-","REKONG","B08PBRRL9Z"
"","Samsung PM9A1 MZVL2512HCJQ - Solid state drive - 512 GB - inbyggd - M.2 - PCI Express 4.0 x4 (NVMe)","https://pcpartpicker.com/product/YPFbt6/placeholder-","SAMSUNG",""
"","AsiaHorse Power Supply Sleeved Cable, 16 AWG PSU Extension Cable Kit of White Connector, 1x24Pin/2x4+4 EPS/3x6+2 PCI-E, 30cm Length with Combs-White","https://pcpartpicker.com/product/DFzhP6/placeholder","AsiaHorse","B0B56LHGRC"
"","FIFINE Studio Condenser USB Microphone Computer PC Microphone Kit With Adjustable Scissor Arm Stand Shock Mount USB Cable for Voice Overs Recording Podcasting Youtube Karaoke Gaming Streaming","https://pcpartpicker.com/product/PQPgXL/fifine-studio-condenser-usb-microphone-computer-pc-microphone-kit-with-adjustable-scissor-arm-stand-shock-mount-usb-cable-for-voice-overs-recording-podcasting-youtube-karaoke-gaming-streaming","FIFINE","ABCD19T669N"
"","Corsair Gaming MM300 Anti-Fray Cloth Gaming Mouse Pad, Extended","https://pcpartpicker.com/product/7qRFf7/corsair-gaming-mm300-anti-fray-cloth-gaming-mouse-pad-extended","Corsair","CH-9000108-WW"
"","VELCRO Brand - ONE-WRAP Cable Management, Thin Self-Gripping Cable Ties: Reusable, Light Duty - 8"" x 1/2"" Ties, 100 Pack - Black","https://pcpartpicker.com/product/YRKhP6/velcro-brand-one-wrap-cable-management-thin-self-gripping-cable-ties-reusable-light-duty-8-x-12-ties-100-pack-black","#N/A!","91140"
"","Asiahorse 18AWG PSU Cable Extension Sleeved Custom Power Supply Braided with Combs kit for ATX CPU GPU Modular Power Supply Unit /1x24P/1x8P (4+4) CPU/2x8 P(6+2) GPU/30CM 11.8Inch (White)","https://pcpartpicker.com/product/4swkcf/placeholder-","AsiaHorse","B08HLZ3NTX"
"","Microsoft Xbox Wireless Adapter for Windows","https://pcpartpicker.com/product/tL98TW/microsoft-xbox-wireless-adapter-for-windows","Microsoft Software","HK9-00001"
"","RK ROYAL KLUDGE RK96 90% 96 Keys BT5.0/2.4G/USB-C Hot Swappable Mechanical Keyboard, Wireless Bluetooth Mechanical Keyboard with Magnetic Hand Rest, Blue Backlight (Blue Switch)","https://pcpartpicker.com/product/rynypg/placeholder","RK ROYAL KLUDGE","RK96"
"","upHere ARGB Graphics Card GPU Support Bracket,Adjustable Single Slot,Support Video Card Holder Bracket with 5V 3PIN ARGB LED,GH03ARGB","https://pcpartpicker.com/product/z7BG3C/placeholder","upHere","GH03ARGB-UK"
"","UGREEN USB Bluetooth Adapter, 5.4 Bluetooth Adapter for PC, Plug & Play for Windows 11/10/8.1, Bluetooth Receiver & Transmitter for Keyboard/Mouse/Headphone/Speakers/Printer","https://pcpartpicker.com/product/VFdMnQ/placeholder","Ugreen Group Limited","45134"
"","Quntis Curved Monitor Light Bar 51cm with Wireless Remote Control, Dimming Screen Light Bar, Adjustable Colour Brightness Eye Caring Computer Monitor Lamp USB for Most Screens Monitor Lamp","https://pcpartpicker.com/product/hndG3C/placeholder","Quntis","B0B87CVVLH"
"","Ediloca EN870 SSD 1TB PCIe Gen4, NVMe M.2 2280, 3D NAND TLC, Up to 7450MB/s, Dynamic SLC Cache, Internal Solid State Drive, Compatible with PS5 and PC","https://pcpartpicker.com/product/wgNYcf/placeholder","Ediloca","B0C7ZBJYQ5"
"","NZXT USB Hub Intern AC-IUSBH-M3","https://pcpartpicker.com/product/QKJmP6/placeholder-","Nzxt",""
"","MUSETEX PC Fans, 120MM PWM ARGB Computer Case Fans, Adjustable Speed, Customizable Lighting, Excellent Cooling Performance, White, Pack of 3, MF","https://pcpartpicker.com/product/hnwmP6/placeholder","MUSETEX","MF-W2"
"","Huawei Display 24 Pouces, Ecran D'ordinateur PC Ajustable, Moniteur Full HD, Ecran Fullview, Certifications Low Blue Light Flicker Free, 60 Hz, 5 ms, Noir","https://pcpartpicker.com/product/Jw3gXL/placeholder-","HUAWEI","53060072"
"","Zerone PCI-E to USB 3.0 2 Port Express Card, with 1 USB 3.0 20-pin Connector","https://pcpartpicker.com/product/W3x2FT/zerone-pci-e-to-usb-30-2-port-express-card-with-1-usb-30-20-pin-connector","Zerone","Zeronepwo42bydgi"
"","Philips Hue - Puente de conexión (iluminación inteligente - controlable vía WiFi, compatible con Apple Homekit y Google Home)","https://pcpartpicker.com/product/qBF48d/philips-hue-puente-de-conexion-iluminacion-inteligente-controlable-via-wifi-compatible-con-apple-homekit-y-google-home","Philips","929001180601"
"","Thermalright LGA1700-BCF Black 12/13 Generation Intel Anti-Bending Fastener, Bending Type Pressure Plate, CPU Fixed Fastener, Full-Fitting Fixed Non-Marking Installation, Standard for Coolers","https://pcpartpicker.com/product/2D4Zxr/placeholder","Thermalright","LGA17XX-BCF-BLACK-D6"
"","MZHOU Mainboard USB Splitter,USB2.0 9PIN usb splitter 1 zu 2, usb mainboard adapter 9PIN-Leitungen Verlängerungsport USB splitter für PC - 17.6cm usb header splitter","https://pcpartpicker.com/product/MycgXL/placeholder","MZHOU","USB Dual 9Pin"
"","AIAIAI TMA-2 Studio Wireless+ - World’s First Wireless Headphones for Music Creators","https://pcpartpicker.com/product/2wmNnQ/placeholder","AIAIAI","76085"
"","Memorex 16GB Flash Drive USB 2.0 - Blue (32020001621)","https://pcpartpicker.com/product/CC8Pxr/placeholder","Memorex","32020001621"
"","Noctua NA-HC3 chromax.black.swap heatsink covers (for NH-D15, NH-D15S & NH-D15 SE-AM4)","https://pcpartpicker.com/product/VDbkcf/noctua-na-hc3-chromaxblackswap-heatsink-covers-for-nh-d15-nh-d15s-nh-d15-se-am4","Noctua","NA-HC3 chromax.black.swap"
"","Anker 568 USB-C Docking Station (11-in-1, USB4), Up to 100W Charging for Laptop, 40Gbps Data Transfer, Ethernet, Single 8K, Triple 4K Display, 6 USB Ports for Windows Laptop and More(Gray)","https://pcpartpicker.com/product/RVTZxr/placeholder","Anker","A8399"
"","9pin USB Header Male 1 to 2 Female Extension Splitter Cable Connector Adapter (Male 1 to 2 Female)","https://pcpartpicker.com/product/mYXnTW/9pin-usb-header-male-1-to-2-female-extension-splitter-cable-connector-adapter-male-1-to-2-female","TGOOD","B076Q8685Y"
"","Phanteks Neon Digital RGB LED Strip - 550mm","https://pcpartpicker.com/product/3fyqqs/phanteks-neon-digital-rgb-led-strip-550mm","Phanteks","PH-NELEDKT_M5"
"","SHARDEN Precision Screwdriver Set 49 in 1 Small Screwdriver Set Magnetic Screwdriver Kit Electronic Repair Tool kit for Laptop, iPhone, Computer, PS5, PS4, Xbox, Cell Phone, MacBook, Eyeglass","https://pcpartpicker.com/product/HkyH99/placeholder","SHARDEN","B0CCTNX9GY"
"","Asiahorse Power Supply Sleeved Cable for Power Supply Extension Cable Wire Kit 1x24-PIN/ 2x8-PORT (4+4) M/B,3x8-PORT (6+2) PCI-E 30cm Length with Combs(Dual EPS Black)","https://pcpartpicker.com/product/fRLwrH/placeholder-","AsiaHorse","B08KCSZHDX"
"","NZXT USB Hub Intern AC-IUSBH-M3","https://pcpartpicker.com/product/QKJmP6/placeholder-","Nzxt",""
"","Externes CD DVD Laufwerk, Amicool USB 3.0 mit Type-C Portable DVD/CD Brenner und -Lesegerät/Plug&Play/niedriger Lärm/Slim Superdrive für Laptop, Desktop, Mac, Macbook, Ios, Windows 10/8/7/XP and Linux","https://pcpartpicker.com/product/xsHRsY/externes-cd-dvd-laufwerk-amicool-usb-30-mit-type-c-portable-dvdcd-brenner-und-lesegeratplugplayniedriger-larmslim-superdrive-fur-laptop-desktop-mac-macbook-ios-windows-1087xp-and-linux","Amicool","B07QG9JN79"
"","AsiaHorse ARGB PC Lüfter 120MM Gehäuselüfter 3 Stück [Unendlichkeitsspiegel] [Stumm] 1800RPM RGB Lüfter 5V3PIN ARGB und 12V4PIN PWM Lüfter, 50,000 Stunden Lebensdauer AMICIPro Schwarz","https://pcpartpicker.com/product/PwcBD3/placeholder","AsiaHorse","AMICI-Pro"
"","1-to-2 Sleeved PWM Fan Splitter Cable, Black","https://pcpartpicker.com/product/LWfnTW/placeholder-","Micro Connectors","PWM-102BK"
"","CORSAIR iCUE LINK LX140 RGB 140mm PWM Fan Single Pack – Dual Light Loops – Requires iCUE LINK System Hub (Sold Separately) – CORSAIR AirGuide Technology – White","https://pcpartpicker.com/product/bNrqqs/placeholder","Corsair","CO-9051031-WW"
"","Blue Yeti USB Microphone (Blackout) Bundle with Knox Gear Headphones and Pop Filter (3 Items)","https://pcpartpicker.com/product/trTzK8/placeholder-","Blue Microphones","BLACKOUTYETI-GR_K4"
"","Thermal Grizzly Contact Frame (AM5 Contact Sealing Frame)","https://pcpartpicker.com/product/Hh88TW/placeholder","Thermal Grizzly","TG-CSF-AM5"
"","Mediasonic USB 3.1 4 Bay 3.5' SATA Hard Drive Enclosure - USB 3.1 Gen 2 10Gbps USB Type C (HF7-SU31C)","https://pcpartpicker.com/product/sdrmP6/mediasonic-usb-31-4-bay-35-sata-hard-drive-enclosure-usb-31-gen-2-10gbps-usb-type-c-hf7-su31c","Mediasonic","HF7-SU31C"
"","AOC 24B3HA2 - Monitor Full HD, 24 pollici, altoparlante integrato (1920x1080, 100 Hz, VGA, HDMI 1.4) nero","https://pcpartpicker.com/product/QF26Mp/placeholder","AOC International","24B3HA2"
"","EKWB EK-Torque HTC-16 Compression Fitting for EKWB Rigid Tubing, 16mm OD, Nickel, 4-Pack","https://pcpartpicker.com/product/mGxbt6/placeholder-","EKWB","TR-3831109813874-4P-19486"
"","Microsoft Xbox Wireless Controller - Sport Red Special Edition - Xbox One","https://pcpartpicker.com/product/JGyV3C/microsoft-xbox-wireless-controller-sport-red-special-edition-xbox-one","Microsoft","WL3-00125"
"","Thermalright Integrated ARGB Fan Hub, 10-Port 3 Pin PC Fan Controller, 5V Fan ARGB Hub, Support up to 10 Fans, SATA Power Cord Direct Input","https://pcpartpicker.com/product/GhZ9TW/placeholder","Thermalright","FAN-ARGB HUB-Controller REV.A"
"","Asiahorse 18AWG PSU Cable Extension Sleeved Custom Power Supply Braided with Combs kit for ATX CPU GPU Modular Power Supply Unit /1x24P/1x8P (4+4) CPU/2x8 P(6+2) GPU/30CM 11.8Inch (Black Mix)","https://pcpartpicker.com/product/rKfFf7/placeholder-","AsiaHorse","B08HHZSPWL"
"","Team XTREEM 48GB (2 x 24GB) DDR5 8800 (PC5 70400) Desktop memory...","https://pcpartpicker.com/product/Cs6NnQ/placeholder","Team Group","FXD548G8800HC42ADC-CU01"
"","Thermalright CPU Contact Frame Anti-Bending Buckle for AM5 Secure Frame Kit Black","https://pcpartpicker.com/product/sHkWGX/placeholder","Thermalright","AM5-Secure-Frame-BLACK"
"","Corsair Premium 600W PCIe 5.0 / Gen 5 12VHPWR PSU Cable - Fits Type-4 PSUs via Dual 8-pin PCIe - 12+4pin Connector - Mesh Paracord Sleeving - Black","https://pcpartpicker.com/product/VybTwP/placeholder","Corsair","CP-8920331"
"","Noctua NA-STPG1, Thermal Paste Guard and Cleaning Set for AMD AM5 CPUs","https://pcpartpicker.com/product/fPjBD3/placeholder","Noctua","NA-STPG1"
"","Thermal Grizzly Contact Frame (AM5 Contact Sealing Frame)","https://pcpartpicker.com/product/Hh88TW/placeholder","Thermal Grizzly","TG-CSF-AM5"
"","EZDIY-FAB 12VHPWR PSU Cable Extension Kit,16AWG PCIE 5.0 Power Supply Cable Extension- 1x 24 Pin ATX /2X 8Pin (4+4) EPS / 1x12+4 Pin GPU,Sleeve Cable 300MM with Combs-All White","https://pcpartpicker.com/product/Q7zXsY/placeholder","EZDIY-FAB","EZDPI227-1"
"","SteelSeries QcK+ Gaming Mouse Pad (Black)","https://pcpartpicker.com/product/pHWrxr/steelseries-qck-gaming-mouse-pad-black","Stella Max","63003"
"","BTF-LIGHTING LED RGB PC Light Strip 2PCs 19in Individually Addressable LED Strip for 5V 3-Pin RGB LED headers for Asus Aura, Asrock RGB Led, Gigabyte RGB Fusion, MSI Mystic Light","https://pcpartpicker.com/product/Rn7G3C/placeholder-","BTF-LIGHTING Technology Co., Limited","2PCWS2812BE"
"","Samsung SSD PM9A1 M.2 NVMe 512GB","https://pcpartpicker.com/product/yZFmP6/placeholder","Samsung","MZVL2512HCJQ-00B00"
"","matx case,itx case,High Airflow Micro ATX PC Case, Support MATX, Mini-ITX, Micro ATX case Slim with USB2.0x2 I/O Port, Black Without Fans","https://pcpartpicker.com/product/cVZXsY/placeholder","TGDGAMER","H6-3000 airflow-B"
"","AsiaHorse Power Supply Sleeved Cable, 16 AWG PSU Extension Cable Kit of White Connector, 1x24Pin/2x4+4 EPS/3x6+2 PCI-E, 30cm Length with Combs-White","https://pcpartpicker.com/product/NwddnQ/placeholder","AsiaHorse","B0B56LHGRC"
"","AsiaHorse 12VHPWR Cable Extension Kit, 16AWG PSU Cable Extension Power Supply Sleeved Cable, 24pin ATX /4+4pin EPS /12+4pin PCI-e 5.0 Extension Cable, 30cm Length with Combs","https://pcpartpicker.com/product/NNvD4D/placeholder","AsiaHorse","psu cable-1"
"","Cable Matters 2 Pack 4 Pin PWM 3 Computer Case Fan Splitter Cable - 12 Inches","https://pcpartpicker.com/product/VXPgXL/cable-matters-2-pack-4-pin-pwm-3-computer-case-fan-splitter-cable-12-inches","Cable Matters","104053x2"
"","Thermalright CPU Contact Frame for LGA 1700 Retrofit Kit, 17XX-BCF Bracket Intel12 Generation","https://pcpartpicker.com/product/HxpzK8/placeholder","Thermalright","LGA1700-BCF BLACK"
"","ARGB Splitter Cable ZCZQC 33.5cm/13.19inch 5V 1 Female to 2 Male 3 Pin ARGB Extension Cable for Computer Chassis, CPU Cooler and 5v ARGB Fan","https://pcpartpicker.com/product/zrstt6/placeholder","ZCZQC","ARGBSCEC-335-1"
"","Sama Neview 4361 Black Dual USB3.0 and Type C Tempered Glass ATX...","https://pcpartpicker.com/product/kZKscf/placeholder","SAMA (Case & Power Supply)","Neview 4361 Black"
"","AsiaHorse 12VHPWR Cable Extension Kit, 16AWG Pcie 5.0 PSU Cable Extension Kit Soft Braided 16PIN to 16PIN Cable Kit, 24pin ATX /4+4pin EPS /12+4pin 30CM Length with Cable Combs (White)","https://pcpartpicker.com/product/h3cgXL/placeholder","AsiaHorse","PCIE5.0-4KIT-90-FM-PureWhite-US"
"","ASUS TUF Gaming ARGB PWM Lüfter Hub (6x Ports für PWM Gehäuselüfter und ARGB-Steuerung, 2x SATA-Stromanschlüsse, synchronisiert Kühlung und Lichteffekte, magnetische Befestigung, Stromanzeige","https://pcpartpicker.com/product/npbypg/placeholder","ASUS","90DA00C0-B09000"
"","Thermalright ARGB Fan HUB Controller Support 8 Groups of Fans, 8-Port 3 Pin PC Fan Controller, 5V Fan Hub, Strong Paste+Magnetic Suction (12V 4-pin RGB is not Supported)","https://pcpartpicker.com/product/Md2WGX/placeholder","Thermalright","ARGB FAN HUB×8-d6"
"","Cooler Master MasterAccessory ARGB GPU Support Bracket, Edge-Lit ARGB Tempered Glass, Universal GPU Bracket, Multiple Orientations","https://pcpartpicker.com/product/T9NxFT/placeholder-","Coolermaster","B08VVPPPZK"
"","EPOMAKER Aura75 75% Mechanical Keyboard Kit, Hot Swappable 2.4Ghz/Bluetooth 5.0/USB-C Wired Wireless Gaming DIY Kit, with Silicone Pad, 3000mAh Battery, South-Facing RGB Backlight for Win/Mac","https://pcpartpicker.com/product/QjbRsY/placeholder","EPOMAKER","B0C4H429NB"
"","EZDIY-FAB 12VHPWR PSU Cable Extension Kit,16AWG PCIE 5.0 Power Supply Cable Extension- 1x 24 Pin ATX /2X 8Pin (4+4) EPS / 1x12+4 Pin GPU,Sleeve Cable 300MM with Combs-Black Grey","https://pcpartpicker.com/product/FNRwrH/placeholder","EZDIY-FAB","EZDPI227-4"
"","GLOTRENDS M.2 PCIe X1 Adapter with M.2 Screw for M.2 PCIe 4.0/3.0 SSD (NVMe/AHCI Key M), PCIe X1/X4/X8/X16 Lane Installation, but Only PCIe X1 Bandwidth (PA09-X1)","https://pcpartpicker.com/product/y6kWGX/placeholder","glotrends","B09P3HY3P3"
"","M.2 NVME to PCIe 3.0 x4 Adapter with Aluminum Heatsink Solution","https://pcpartpicker.com/product/qskgXL/m2-nvme-to-pcie-30-x4-adapter-with-aluminum-heatsink-solution","YATENG","M.2 Adapter"
"","CORSAIR iCUE AF120 ELITE RGB 120mm PWM Fan - Eight RGB LEDs - AirGuide Technology - Fluid Dynamic Bearing - CORSAIR iCUE Software  Compatible","https://pcpartpicker.com/product/2Vn9TW/placeholder","Corsair","CO-9050153-WW"
"","Corsair Black Type 4 Gen 4 Premium PSU Cable Comb Kit","https://pcpartpicker.com/product/2RYQzy/placeholder-","Corsair","CP-8920257"
"","Vertiv Liebert PSA5 1000VA 600W line-Interactive UPS with AVR Technology and Battery Backup, 10 outlets and Three-Year, Full Unit Replacement Warranty (PSA5-1000MT120), 1000VA/600W","https://pcpartpicker.com/product/R7BhP6/placeholder-","Vertiv Co.","PSA5-1000MT120"
"","CableMod PRO ModMesh Cable Extension Kit (Black)","https://pcpartpicker.com/product/hYXnTW/cablemod-pro-modmesh-cable-extension-kit-black","Cablemod","CM-PCAB-BKIT-NKK-3PK"
"","Thermaltake Toughpower GT 750W | Snow | Modular | 80Plus Gold","https://pcpartpicker.com/product/kk62FT/placeholder","Thermaltake","PS-TPT-0750FNFAGE-W"
"","Akasa AK-CBUB19-10BK USB 3.0 to USB 2.0 Adapter Cable","https://pcpartpicker.com/product/vPzZxr/akasa-ak-cbub19-10bk-usb-30-to-usb-20-adapter-cable","Akasa","AK-CBUB19-10BK"
"","Cooler Master MasterAccessory Vertical Graphics Card Holder Kit V3...","https://pcpartpicker.com/product/wj6p99/placeholder","Cooler Master","MCA-U000R-KFVK03"
"","EPOMAKER x Aula F75 Gasket Mechanical Keyboard, 75% Wireless Hot Swappable Gaming Keyboard with Five-Layer Padding&Knob, Bluetooth/2.4GHz/USB-C, RGB (Light Blue, LEOBOG Reaper Switch)","https://pcpartpicker.com/product/4NFmP6/placeholder","EPOMAKER","B0CNT61VMZ"
"","ABNO1 PSU Cable Extension Kit 30CM Length with Cable Combs 1x24Pin/1x8Pin(4+4) EPS/2x8Pin(6P+2P) PCI-E/PC Sleeved Cable for ATX Power Supply(White)","https://pcpartpicker.com/product/MJ4Ycf/placeholder","ABNO1","A-CC-1"
"","ASIAHORSE 16AWG PSU Cable Extension Power Cords, Customized Power Supply Mod Sleeve Extension Cable, ATX/EPS/8-pin PCI-E/6-pin PCI-E for PSU Cable (Pure White)","https://pcpartpicker.com/product/m47scf/placeholder","AsiaHorse","B0D2HYL15M"
"","Strimer Plus V2 Triple 8-Pin RGB Braided GPU RTX Series Power Extension Cable, 300mm w/ RGB LED Controller","https://pcpartpicker.com/product/tnVmP6/placeholder","Lian Li","StrimerPlusV2Tripl8p"
"","Anti Static Wrist Strap Band, ESD Strap Anti Shock Wristband Bracelet with Grounding Wire, Alligator Clip, Extendable Long Cord","https://pcpartpicker.com/product/Hb3mP6/placeholder-","ARCTIC EAGLE","B08CXQN86W"
"","AsiaHorse COSMIQ-Black 120mm PC RGB Fans, 5V 3-PIN Connector Daisy Chain FDB PWM Computer Case Fans with RGB Controller for Cases CPU Liquid Coolers, 3Pack (Black) (White, 3_Pack_Reverse Blad","https://pcpartpicker.com/product/dg88TW/placeholder","AsiaHorse","COSMIQ-ALL"
"","FormulaMod Sleeve Extension Power Supply Cable Kit 18AWG ATX 24P+ EPS 8-P+PCI-E8-P with Combs for PSU to Motherboard/GPU (Black)","https://pcpartpicker.com/product/CfRgXL/placeholder-","FormulaMod","B083SBQNG8"
"","Powered USB Hub 3.0, Wenter 11-Port USB Splitter Hub (10 Faster Data Transfer Ports+ 1 Smart Charging Port) with Individual LED On/Off Switches, USB Hub 3.0 Powered with Power Adapter for Mac","https://pcpartpicker.com/product/cHBzK8/placeholder","Dongguan Kingdrive Industrial Co., Ltd","KDP-AE"
"","Thermalright Lga1851 BCF Black CPU Curved Pressure Plate,Specially Designed to Support Ultra 200s Series CPUs,Multiple Installations Will not Wear Down The CPU Cover,Comes with L-Shaped Screw","https://pcpartpicker.com/product/v7Pv6h/placeholder","Thermalright","LGA1851 BCF BLACK"
,CORSAIR RGB LED Lighting PRO Expansion Kit,https://pcpartpicker.com/product/k2Jkcf/corsair-rgb-led-lighting-pro-expansion-kit,Corsair,CL-8930002
